{
    "loss": 2.3578059673309326,
    "accuracy": 0.8017241358757019
}