{
    "loss": 0.5304365158081055,
    "accuracy": 0.931034505367279
}